{"Date":"2020-09-18T17:43:15.4613348+02:00","Depth":3,"Nodes":827643,"Evaluation":1.0,"Duration":"00:00:05.6911693","NodesPerSecond":145425}