{
  "Date": "2020-09-23T14:06:02.5668729+02:00",
  "Depth": 3,
  "Nodes": 924924,
  "Evaluation": 0.0,
  "Duration": "00:00:05.4759217",
  "NodesPerSecond": 168907
}