{"Date":"2020-09-25T21:08:33.2548609+02:00","Depth":4,"Nodes":1733762,"Evaluation":0.0,"Duration":"00:00:05.8549808","NodesPerSecond":296117}