{"Date":"2020-09-16T12:43:32.9686305+02:00","Depth":3,"Nodes":507291,"Evaluation":0.0,"Duration":"00:00:05.5385715","NodesPerSecond":91592}