{"Date":"2020-09-23T14:35:04.2002948+02:00","Depth":3,"Nodes":934436,"Evaluation":0.0,"Duration":"00:00:05.4812625","NodesPerSecond":170478}